gate_id,gate_group,requirement,current_status,evidence,next_action
O0,O0-O10,Current HEAD and worktree snapshot,historical-pass-current-paused,PROJECT_STATE.md records beta.91 RitsuLib-only package/runtime baseline and requires exact HEAD/worktree recapture for later governance/test follow-up commits; dirty files have no event-validation authority until exact-scope recapture,Refresh git status/log/diff in one controlled validation lane before handoff
O1,O0-O10,Full build has 0 errors and 0 warnings,historical-pass-current-paused,PROJECT_STATE.md records beta.91 build 0 errors / 0 warnings,Rerun build after any code/config change or before handoff
O2,O0-O10,Automated tests pass at current expected count,historical-pass-current-paused,PROJECT_STATE.md records current trusted split/focused lanes plus retained split coverage 475 / 0 / 21 / 496,Rerun non-overlapping test lanes after code/resource changes or before handoff
O3,O0-O10,Skipped tests explained,historical-pass-current-paused,PROJECT_STATE.md records skipped tests as release-artifact/runtime/local-source gating under the split strategy,Refresh skipped-test explanation with current test output before handoff
O4,O0-O10,Zero-warning proof preserved,historical-pass-current-paused,PROJECT_STATE.md records beta.91 zero-warning validation,Rerun build after any code/config change or before handoff
O5,O0-O10,Format validation clean,historical-pass-current-paused,PROJECT_STATE.md records beta.91 post-migration format passed,Rerun dotnet format after edits or before handoff
O6,O0-O10,Diff whitespace check clean,static-pass,git diff --check is static and rerun during coordination pause,Keep rerunning after edits
O7,O0-O10,Patch inventory current,historical-pass-current-paused,PROJECT_STATE.md records patch inventory passed for migration lane,Refresh patch inventory after coordination pause
O8,O0-O10,Worktree batch classification current,historical-pass-current-paused,PROJECT_STATE.md records batch classifier passed for migration lane,Refresh classifier after coordination pause
O9,O0-O10,Package and release-artifact validation current,historical-pass-current-paused,PROJECT_STATE.md records beta.91 package refresh and ZIP SHA ED86E18B23256CC5E4BF56B9E4BB168D213FBBB0F28F5C7C6FDBF8F64ABD1EB1,Refresh package/artifact lane after package/resource changes or before handoff
O10,O0-O10,Dirty worktree owner decision before commit or handoff,current-pending,Pause-safe doc/guard edits require exact-scope recapture before commit or handoff,Owner/agent must classify exact scope before commit or handoff
O11,O11-O20,Status board current and no generic Done,static-pass,docs/features/sts1-events/status-board.md plus current-doc checker,Keep current-doc checker passing
O12,O11-O20,Canonical matrix and Act mapping current at 52 / 54 baseline,static-pass,canonical-event-matrix.csv plus registry-shape checker; Act 1 maps to Overgrowth + Underdocks and AdditiveBatch1 remains 10 types / 14 calls,Keep registry-shape and act-mapping evidence passing
O13,O11-O20,Default Off gate source and retained Off runtime state guarded,previous-package-pass,beta.85 Off log plus feature-gate checker,Do not extend Off proof to enabled modes
O14,O11-O20,CanaryOnly source identity exact 4 event types / 6 calls,static-pass,registry-shape checker prints canary identity; current CanaryOnly runtime packet passed,Keep source identity aligned with runtime verifier expectations
O15,O11-O20,AdditiveBatch1 source identity exact 10 types / 14 calls,static-pass,registry-shape checker prints AdditiveBatch1 identity; beta.86 AdditiveBatch1 runtime proof now matches,Keep source identity aligned with runtime verifier expectations
O16,O11-O20,AdditiveAllDraft unsafe gate source guarded,static-pass,feature-gate checker,Keep unsafe-only gate
O17,O11-O20,ReplacementPrototype compile-symbol and unsafe gate source guarded,source-guarded,feature-gate checker,Runtime replacement proof still required
O18,O11-O20,Per-event spec registration notes current,static-pass,event-spec-registration-notes checker,Keep spec note checker passing
O19,O11-O20,Localization source-reference gap recorded,known-gap,localization-source-gap and localization-gap-baseline checkers,Close 33-key gap only in versioned resource pass
O20,O11-O20,Static StS1 suite aggregates source/doc checks,static-pass,check-sts1-event-static-suite.ps1,Rerun after every static edit
O21,O21-O29,Current v0.107.1 game path and dependency path recorded,current-pass,PROJECT_STATE.md and status-board runtime path report for v0.107.1 and beta.91 RitsuLib-only current proof,Refresh only if installed game/dependencies change
O22,O21-O29,STS2-RitsuLib v0.4.28 with lib/0.107.1 installed,current-pass,PROJECT_STATE.md and status-board O22,Refresh if RitsuLib changes
O23,O21-O29,Current beta.91 AdditiveBatch1 godot.log generated,current-pass,.tools/runtime-evidence/v01071-beta91-ritsulib0428-additivebatch1-direct-20260620/godot.log.current-iteration records v0.107.1 and v0.1.0-private-beta.91,Regenerate only after package/source changes require it
O24,O21-O29,Current beta.91 AdditiveBatch1 loader audit clean,current-pass,.tools/runtime-evidence/v01071-beta91-ritsulib0428-additivebatch1-direct-20260620/godot-log-audit.json; packet report .tools/runtime-evidence/v01071-beta91-ritsulib0428-additivebatch1-direct-20260620/runtime-evidence-packet-check.json checks=61 mismatches=0; enabled-mode verifier checks=31 mismatches=0; loader-registration only,Preserve as current RitsuLib-only AdditiveBatch1 loader proof only
O25,O21-O29,Retained v0.107 CanaryOnly enabled-mode smoke exact 4 event types / 6 calls,previous-package-pass,.tools/runtime-evidence/v01070-beta85-canary-20260617-233621/godot.log.after-launch; enabled-mode-log-check.json checks=20 mismatches=0; runtime-evidence-packet-check.json checks=45 mismatches=0,Preserve as beta.85 CanaryOnly loader proof only; gameplay rows remain separate
O26,O21-O29,Big Fish runtime screenshot/result proof,blocked,No current encounter screenshot or result log,Capture gameplay proof after coordination pause
O27,O21-O29,Golden Idol runtime screenshot/result proof,blocked,No current encounter screenshot or result log,Capture gameplay proof after coordination pause
O28,O21-O29,The Lab runtime screenshot/result proof,blocked,No current encounter screenshot or result log,Capture gameplay proof after coordination pause
O29,O21-O29,Divine Fountain runtime screenshot/result proof,blocked,No current encounter screenshot or result log,Capture gameplay proof after coordination pause
O30,O30-O41,Canary event code review remains current,static-pass,canary-source-api-proof.md and static source/docs,Refresh review if canary source changes
O31,O30-O41,Canary result logs for all four events,blocked,No current result logs,Capture result logs after coordination pause
O32,O30-O41,Canary pre/post state evidence,blocked,No current pre/post state evidence,Capture state evidence after coordination pause
O33,O30-O41,Current v0.107.1 AdditiveBatch1 enabled-mode smoke exact 10 types / 14 calls,current-pass,.tools/runtime-evidence/v01071-beta91-ritsulib0428-additivebatch1-direct-20260620 reached main menu and audited clean; enabled-mode verifier checks=31 mismatches=0; runtime-evidence-packet-check.json checks=61 mismatches=0; exact act/shared tuple parity including Sts1TheCleric in Overgrowth and Underdocks,Loader-registration proof only; gameplay/render/save-load rows remain separate
O34,O30-O41,Canary save/load proof,blocked,No save/load evidence,Capture save/reload proof after enabled-mode smoke
O35,O30-O41,Canary EN render proof,blocked,No current EN screenshot/render proof,Capture EN render screenshots
O36,O30-O41,Canary ZHS render proof,blocked,No current ZHS screenshot/render proof,Capture ZHS render screenshots
O37,O30-O41,Canary image/license/render decision,blocked,No redistributable StS1 event art decision,Capture or document replacement-art decision
O38,O30-O41,Canary parity-gap disposition,blocked,Golden Idol relic substitute and image gaps remain non-parity,Resolve or explicitly keep non-parity before handoff
O39,O30-O41,Canary runtime audit packet complete,current-pass,.tools/runtime-evidence/v01070-beta85-canary-20260617-233621/runtime-evidence-packet-check.json checks=45 mismatches=0; nested log verifier checks=20 mismatches=0,Preserve as loader/audit packet proof only; gameplay rows remain separate
O40,O30-O41,Canary gameplay notes integrated into docs,blocked,No current gameplay evidence to summarize,Update docs after gameplay proof exists
O41,O30-O41,Canary owner/QA acceptance,blocked,No independent QA after runtime proof,Run independent QA after evidence exists
O42,O42-O52,Purifier runtime proof,blocked,No current encounter screenshot/result log,Capture AdditiveBatch1 gameplay proof
O43,O42-O52,Upgrade Shrine runtime proof,blocked,No current encounter screenshot/result log,Capture AdditiveBatch1 gameplay proof
O44,O42-O52,Golden Shrine runtime proof,blocked,No current encounter screenshot/result log,Capture AdditiveBatch1 gameplay proof
O45,O42-O52,The Cleric runtime proof,blocked,No current encounter screenshot/result log,Capture AdditiveBatch1 gameplay proof
O46,O42-O52,Old Beggar runtime proof,blocked,No current encounter screenshot/result log,Capture AdditiveBatch1 gameplay proof
O47,O42-O52,Shining Light runtime proof,blocked,No current encounter screenshot/result log,Capture AdditiveBatch1 gameplay proof
O48,O42-O52,Simple batch save/load proof,blocked,No current save/load evidence,Capture save/reload proof
O49,O42-O52,Simple batch EN/ZHS render proof,blocked,No current bilingual render screenshots,Capture EN and ZHS screenshots
O50,O42-O52,Simple batch image/license/render decision,blocked,No redistributable StS1 event art decision,Capture or document replacement-art decision
O51,O42-O52,Simple batch runtime audit packet complete,blocked,Clean AdditiveBatch1 loader packet exists but no simple-batch gameplay packet,Run gameplay packet verifier after event encounters are captured
O52,O42-O52,Simple batch independent QA,blocked,QA impossible before gameplay proof,Run independent QA after evidence exists
O53,O53-O57,ReplacementPrototype source gate present,source-guarded,feature-gate checker and replacement source,Keep debug/unsafe gate
O54,O53-O57,Replacement unknown-room proof,blocked,No debug runtime replacement evidence,Run debug replacement smoke after explicit owner approval
O55,O53-O57,Replacement act-bucket proof,blocked,No debug runtime replacement evidence,Capture act-bucket evidence
O56,O53-O57,Replacement event-bag/no-repeat proof,blocked,No debug runtime replacement evidence,Capture event-bag evidence
O57,O53-O57,Replacement save/load proof,blocked,No debug runtime replacement save/load evidence,Capture replacement save/reload proof
O58,O58-O64,Multiplayer fail-closed runtime proof,blocked,No current multiplayer runtime proof,Capture multiplayer fail-closed evidence
O59,O58-O64,IsShared source matrix current,static-pass,multiplayer-shape checker,Keep checker passing
O60,O58-O64,Combat blockers documented,static-pass,parity-blockers checker and combat-blockers report,Keep combat blocked until encounter models exist
O61,O58-O64,Temporary substitutes marked non-parity,static-pass,parity-blockers checker and content-parity-gaps.md,Keep non-parity labels until resolved
O62,O58-O64,Content parity gaps current,static-pass,content-parity-gaps.md plus parity checker,Refresh if source changes
O63,O58-O64,Asset/license safety current,static-pass,asset-safety checker,Keep zero tracked StS1 original images
O64,O58-O64,ZHS screenshots for StS1 events,blocked,No current ZHS runtime screenshots,Capture after enabled-mode gameplay proof
O65,O65-O76,Independent QA/Red-Team pass-fail,current-pending,No independent QA after current runtime evidence,Run QA after O25/O33/gameplay evidence
O66,O65-O76,current-validation doc refreshed,documentation-in-progress,docs/reviews/current-validation.md references v19 map,Refresh after validation lane finishes
O67,O65-O76,status-board refreshed,documentation-in-progress,status-board records beta.91 RitsuLib-only AdditiveBatch1 current proof plus beta.85/beta.87/beta.88 previous-context loader proof,Refresh after enabled-mode/runtime evidence
O68,O65-O76,monthly review or hard-stop updated,documentation-in-progress,hard-stop report records coordination blocker,Update when validation lane resumes or evidence arrives
O69,O65-O76,private beta handoff updated,documentation-in-progress,private-beta handoff references v19 map,Refresh after runtime proof exists
O70,O65-O76,release checklist updated,documentation-in-progress,release checklist references v19 map,Refresh after runtime proof exists
O71,O65-O76,owner action list current,documentation-in-progress,hard-stop report owner actions listed,Update after owner decisions
O72,O65-O76,no unsupported commit decision,current-pending,Dirty worktree not staged or committed,Commit only after validation evidence supports exact scope
O73,O65-O76,no unsupported push decision,current-pending,Dirty worktree not pushed,Push only after validation and intentional commit
O74,O65-O76,final summary lists blocked gates,current-pending,No final completion summary because gates remain blocked,Prepare after evidence or hard-stop state changes
O75,O65-O76,all O0-O76 gates passing before completion,blocked,Many runtime/gameplay gates remain blocked,Do not mark event.md complete
O76,O65-O76,hard-stop is not completion invariant preserved,static-pass,hard-stop report and v19 map state non-claim boundary,Keep non-claim wording current
